diversity_original_san,diversity_transformed_gen,workclass,education,marital-status,occupation,relationship,race,native-country,epoch,alpha_
0.411588918364901,0.40098570862326005,0.9339429507301761,0.9860788863109049,0.9897638869933124,0.9896274054865566,0.9695646239934489,0.9849870342568582,0.9984987034256858,250,0
