diversity_original_san,diversity_transformed_gen,workclass,education,marital-status,occupation,relationship,race,native-country,epoch,alpha_
0.411588918364901,0.416007129146675,0.9557799918111096,0.9814385150812065,0.9413129520949911,0.8545107137982804,0.9695646239934489,0.9905827760338474,0.9978162958919067,250,0
